{
  "server": {
    "1.18.1" : {
      "url" : "https://launcher.mojang.com/v1/objects/3cf24a8694aca6267883b17d934efacc5e44440d/server.jar"
    },
    "1.17.1" : {
      "url" : "https://launcher.mojang.com/v1/objects/fc87ef4c3cf1c815809249cc00ccade233b22cf5/server.jar"
    },
    "1.16.4" : {
      "url": "https://launcher.mojang.com/v1/objects/35139deedbd5182953cf1caa23835da59ca3d7cd/server.jar"
    },
    "1.16.3" : {
      "url": "https://launcher.mojang.com/v1/objects/f02f4473dbf152c23d7d484952121db0b36698cb/server.jar"
    },
    "1.15.1" : {
      "url": "https://launcher.mojang.com/v1/objects/bb2b6b1aefcd70dfd1892149ac3a215f6c636b07/server.jar"
    },
    "20w51a": {
      "url": "https://launcher.mojang.com/v1/objects/fc87ef4c3cf1c815809249cc00ccade233b22cf5/server.jar"
    },
    "1.12.2": {
      "url": "https://launcher.mojang.com/v1/objects/886945bfb2b978778c3a0288fd7fab09d315b25f/server.jar"
    }
  }
}
